<world>
	<description>My very own island :)</description>
	<defaultvisualization>standard.xml</defaultvisualization>
	<terrainmap>
		<heightmap>davidsisland_256.jpg</heightmap>
		<materialmap>davidsisland_material_256.gif</materialmap>
		<scaling>
			<x>1.0</x>
			<y>0.1</y>
			<z>1.0</z>
		</scaling>
		<offset>
			<x>-128.0</x>
			<y>-5.0</y>
			<z>-128.0</z>
		</offset>
        <observerstartpos>
            <x>-46.000000</x>
            <y>24.50000</y>
            <z>-7.00000</z>
        </observerstartpos>
        <observerlookat>
            <x>0.000000</x>
            <y>0.050000</y>
            <z>0.000000</z>
        </observerlookat>  
		<wraparound>false</wraparound>
	</terrainmap>
    <objects>
        <object>
            <class>Banana</class>
            <pos>
                <x>4.930000</x>
                <y>35.400002</y>
                <z>0.000000</z>
            </pos>
            <height>0.100000</height>
            <angle>0.000000</angle>
        </object>
        <object>
            <class>ShockPodBush</class>
            <pos>
                <x>-3.270000</x>
                <y>37.130001</y>
                <z>0.000000</z>
            </pos>
            <height>0.800000</height>
            <angle>0.000000</angle>
        </object>
        <object>
            <class>Fungus</class>
            <pos>
                <x>7.800000</x>
                <y>-1.470000</y>
                <z>0.000000</z>
            </pos>
            <height>0.200000</height>
            <angle>0.000000</angle>
        </object>
        <object>
            <class>Fungus</class>
            <pos>
                <x>17.070000</x>
                <y>27.070000</y>
                <z>0.000000</z>
            </pos>
            <height>0.200000</height>
            <angle>0.000000</angle>
        </object>
        <object>
            <class>ShockPodBush</class>
            <pos>
                <x>35.799999</x>
                <y>16.459999</y>
                <z>0.000000</z>
            </pos>
            <height>0.800000</height>
            <angle>0.000000</angle>
        </object>
        <object>
            <class>ThornBush</class>
            <pos>
                <x>12.800000</x>
                <y>37.139999</y>
                <z>0.000000</z>
            </pos>
            <height>0.800000</height>
            <angle>0.000000</angle>
        </object>
        <object>
            <class>Wirselkraut</class>
            <pos>
                <x>40.869999</x>
                <y>14.400000</y>
                <z>0.000000</z>
            </pos>
            <height>0.200000</height>
            <angle>0.000000</angle>
        </object>
        <object>
            <class>Fungus</class>
            <pos>
                <x>3.930000</x>
                <y>-2.200000</y>
                <z>0.000000</z>
            </pos>
            <height>0.200000</height>
            <angle>0.000000</angle>
        </object>
        <object>
            <class>Wirselkraut</class>
            <pos>
                <x>44.930000</x>
                <y>27.660000</y>
                <z>0.000000</z>
            </pos>
            <height>0.200000</height>
            <angle>0.000000</angle>
        </object>
        <object>
            <class>Tree</class>
            <pos>
                <x>16.870001</x>
                <y>-0.730000</y>
                <z>0.000000</z>
            </pos>
            <height>8.000000</height>
            <angle>0.000000</angle>
        </object>
        <object>
            <class>Tree</class>
            <pos>
                <x>19.000000</x>
                <y>11.000000</y>
                <z>0.000000</z>
            </pos>
            <height>8.000000</height>
            <angle>0.000000</angle>
        </object>
        <object>
            <class>ThornBush</class>
            <pos>
                <x>25.870001</x>
                <y>43.529999</y>
                <z>0.000000</z>
            </pos>
            <height>0.800000</height>
            <angle>0.000000</angle>
        </object>
        <object>
            <class>Wirselkraut</class>
            <pos>
                <x>26.000000</x>
                <y>19.000000</y>
                <z>0.000000</z>
            </pos>
            <height>0.200000</height>
            <angle>0.000000</angle>
        </object>
        <object>
            <class>Wirselkraut</class>
            <pos>
                <x>6.730000</x>
                <y>26.330000</y>
                <z>0.000000</z>
            </pos>
            <height>0.200000</height>
            <angle>0.000000</angle>
        </object>
        <object>
            <class>Tree</class>
            <pos>
                <x>41.400002</x>
                <y>9.470000</y>
                <z>0.000000</z>
            </pos>
            <height>8.000000</height>
            <angle>0.000000</angle>
        </object>
        <object>
            <class>ThornBush</class>
            <pos>
                <x>29.000000</x>
                <y>4.000000</y>
                <z>0.000000</z>
            </pos>
            <height>0.800000</height>
            <angle>0.000000</angle>
        </object>
        <object>
            <class>WaterHole</class>
            <pos>
                <x>37.669998</x>
                <y>2.670000</y>
                <z>0.000000</z>
            </pos>
            <height>1.000000</height>
            <angle>0.000000</angle>
        </object>
        <object>
            <class>Banana</class>
            <pos>
                <x>12.000000</x>
                <y>17.000000</y>
                <z>0.000000</z>
            </pos>
            <height>0.100000</height>
            <angle>0.000000</angle>
        </object>
        <object>
            <class>WaterHole</class>
            <pos>
                <x>15.670000</x>
                <y>33.540001</y>
                <z>0.000000</z>
            </pos>
            <height>1.000000</height>
            <angle>0.000000</angle>
        </object>
        <object>
            <class>ThornBush</class>
            <pos>
                <x>14.000000</x>
                <y>6.000000</y>
                <z>0.000000</z>
            </pos>
            <height>0.800000</height>
            <angle>0.000000</angle>
        </object>
        <object>
            <class>Fungus</class>
            <pos>
                <x>35.939999</x>
                <y>24.070000</y>
                <z>0.000000</z>
            </pos>
            <height>0.200000</height>
            <angle>0.000000</angle>
        </object>
        <object>
            <class>Tree</class>
            <pos>
                <x>27.740000</x>
                <y>35.270000</y>
                <z>0.000000</z>
            </pos>
            <height>8.000000</height>
            <angle>0.000000</angle>
        </object>
        <object>
            <class>Banana</class>
            <pos>
                <x>6.740000</x>
                <y>33.669998</y>
                <z>0.000000</z>
            </pos>
            <height>0.100000</height>
            <angle>0.000000</angle>
        </object>
        <object>
            <class>Tree</class>
            <pos>
                <x>42.000000</x>
                <y>35.070000</y>
                <z>0.000000</z>
            </pos>
            <height>8.000000</height>
            <angle>0.000000</angle>
        </object>
        <object>
            <class>Banana</class>
            <pos>
                <x>18.930000</x>
                <y>-2.670000</y>
                <z>0.000000</z>
            </pos>
            <height>0.100000</height>
            <angle>0.000000</angle>
        </object>
        <object>
            <class>Lamp</class>
            <pos>
                <x>2.800000</x>
                <y>30.469999</y>
                <z>0.000000</z>
            </pos>
            <height>1.000000</height>
            <angle>0.000000</angle>
        </object>
        <object>
            <class>Plant</class>
            <pos>
                <x>-2.070000</x>
                <y>33.139999</y>
                <z>0.000000</z>
            </pos>
            <height>1.000000</height>
            <angle>0.000000</angle>
        </object>
        <object>
            <class>WaterHole</class>
            <pos>
                <x>8.000000</x>
                <y>4.000000</y>
                <z>0.000000</z>
            </pos>
            <height>1.000000</height>
            <angle>0.000000</angle>
        </object>
        <object>
            <class>Fungus</class>
            <pos>
                <x>6.260000</x>
                <y>-4.000000</y>
                <z>0.000000</z>
            </pos>
            <height>0.200000</height>
            <angle>0.000000</angle>
        </object>
        <object>
            <class>Banana</class>
            <pos>
                <x>39.330002</x>
                <y>32.400002</y>
                <z>0.000000</z>
            </pos>
            <height>0.100000</height>
            <angle>0.000000</angle>
        </object>
        <object>
            <class>Tree</class>
            <pos>
                <x>11.000000</x>
                <y>16.000000</y>
                <z>0.000000</z>
            </pos>
            <height>8.000000</height>
            <angle>0.000000</angle>
        </object>
        <object>
            <class>ThornBush</class>
            <pos>
                <x>32.470001</x>
                <y>26.330000</y>
                <z>0.000000</z>
            </pos>
            <height>0.800000</height>
            <angle>0.000000</angle>
        </object>
        <object>
            <class>Fungus</class>
            <pos>
                <x>-4.130000</x>
                <y>22.860001</y>
                <z>0.000000</z>
            </pos>
            <height>0.200000</height>
            <angle>0.000000</angle>
        </object>
        <object>
            <class>Wirselkraut</class>
            <pos>
                <x>-4.000000</x>
                <y>7.000000</y>
                <z>0.000000</z>
            </pos>
            <height>0.200000</height>
            <angle>0.000000</angle>
        </object>
        <object>
            <class>Wirselkraut</class>
            <pos>
                <x>-1.070000</x>
                <y>13.340000</y>
                <z>0.000000</z>
            </pos>
            <height>0.200000</height>
            <angle>0.000000</angle>
        </object>
        <object>
            <class>Banana</class>
            <pos>
                <x>32.459999</x>
                <y>41.470001</y>
                <z>0.000000</z>
            </pos>
            <height>0.100000</height>
            <angle>0.000000</angle>
        </object>
        <object>
            <class>WaterHole</class>
            <pos>
                <x>25.540001</x>
                <y>23.670000</y>
                <z>0.000000</z>
            </pos>
            <height>1.000000</height>
            <angle>0.000000</angle>
        </object>
        <object>
            <class>Banana</class>
            <pos>
                <x>3.600000</x>
                <y>16.530001</y>
                <z>0.000000</z>
            </pos>
            <height>0.100000</height>
            <angle>0.000000</angle>
        </object>
        <object>
            <class>Tree</class>
            <pos>
                <x>8.000000</x>
                <y>11.000000</y>
                <z>0.000000</z>
            </pos>
            <height>8.000000</height>
            <angle>0.000000</angle>
        </object>
        <object>
            <class>Fungus</class>
            <pos>
                <x>24.200001</x>
                <y>35.000000</y>
                <z>0.000000</z>
            </pos>
            <height>0.200000</height>
            <angle>0.000000</angle>
        </object>
        <object>
            <class>Tree</class>
            <pos>
                <x>23.000000</x>
                <y>17.000000</y>
                <z>0.000000</z>
            </pos>
            <height>8.000000</height>
            <angle>0.000000</angle>
        </object>
        <object>
            <class>Mushroom</class>
            <pos>
                <x>13.400000</x>
                <y>-2.930000</y>
                <z>0.000000</z>
            </pos>
            <height>0.200000</height>
            <angle>0.000000</angle>
        </object>
        <object>
            <class>Fungus</class>
            <pos>
                <x>32.730000</x>
                <y>3.400000</y>
                <z>0.000000</z>
            </pos>
            <height>0.200000</height>
            <angle>0.000000</angle>
        </object>
        <object>
            <class>Tree</class>
            <pos>
                <x>35.130001</x>
                <y>39.400002</y>
                <z>0.000000</z>
            </pos>
            <height>8.000000</height>
            <angle>0.000000</angle>
        </object>
        <object>
            <class>ThornBush</class>
            <pos>
                <x>16.600000</x>
                <y>41.860001</y>
                <z>0.000000</z>
            </pos>
            <height>0.800000</height>
            <angle>0.000000</angle>
        </object>
        <object>
            <class>Tree</class>
            <pos>
                <x>7.130000</x>
                <y>38.730000</y>
                <z>0.000000</z>
            </pos>
            <height>8.000000</height>
            <angle>0.000000</angle>
        </object>
        <object>
            <class>Fungus</class>
            <pos>
                <x>27.270000</x>
                <y>28.330000</y>
                <z>0.000000</z>
            </pos>
            <height>0.200000</height>
            <angle>0.000000</angle>
        </object>
        <object>
            <class>Tree</class>
            <pos>
                <x>1.930000</x>
                <y>17.260000</y>
                <z>0.000000</z>
            </pos>
            <height>8.000000</height>
            <angle>0.000000</angle>
        </object>
        <object>
            <class>Tree</class>
            <pos>
                <x>-28.912031</x>
                <y>4.611465</y>
                <z>0.000000</z>
            </pos>
            <height>1.000000</height>
            <angle>0.000000</angle>
        </object>
        <object>
            <class>Tree</class>
            <pos>
                <x>-45.309593</x>
                <y>9.565941</y>
                <z>0.000000</z>
            </pos>
            <height>1.000000</height>
            <angle>0.000000</angle>
        </object>
        <object>
            <class>Tree</class>
            <pos>
                <x>-18.291237</x>
                <y>31.757282</y>
                <z>0.000000</z>
            </pos>
            <height>1.000000</height>
            <angle>0.000000</angle>
        </object>
        <object>
            <class>Tree</class>
            <pos>
                <x>-8.316031</x>
                <y>30.431744</y>
                <z>0.000000</z>
            </pos>
            <height>1.000000</height>
            <angle>0.000000</angle>
        </object>
        <object>
            <class>Tree</class>
            <pos>
                <x>28.423630</x>
                <y>-22.096535</y>
                <z>0.000000</z>
            </pos>
            <height>1.000000</height>
            <angle>0.000000</angle>
        </object>
        <object>
            <class>Tree</class>
            <pos>
                <x>25.069080</x>
                <y>-19.917770</y>
                <z>0.000000</z>
            </pos>
            <height>1.000000</height>
            <angle>0.000000</angle>
        </object>
        <object>
            <class>Tree</class>
            <pos>
                <x>23.543945</x>
                <y>-22.265968</y>
                <z>0.000000</z>
            </pos>
            <height>1.000000</height>
            <angle>0.000000</angle>
        </object>
        <object>
            <class>Tree</class>
            <pos>
                <x>18.847576</x>
                <y>-19.215698</y>
                <z>0.000000</z>
            </pos>
            <height>1.000000</height>
            <angle>0.000000</angle>
        </object>
        <object>
            <class>Tree</class>
            <pos>
                <x>22.115723</x>
                <y>-14.183846</y>
                <z>0.000000</z>
            </pos>
            <height>1.000000</height>
            <angle>0.000000</angle>
        </object>
        <object>
            <class>Tree</class>
            <pos>
                <x>27.818457</x>
                <y>-17.887737</y>
                <z>0.000000</z>
            </pos>
            <height>1.000000</height>
            <angle>0.000000</angle>
        </object>
        <object>
            <class>Tree</class>
            <pos>
                <x>-34.103199</x>
                <y>-32.270504</y>
                <z>0.000000</z>
            </pos>
            <height>1.000000</height>
            <angle>0.000000</angle>
        </object>
        <object>
            <class>Tree</class>
            <pos>
                <x>-43.496788</x>
                <y>-19.311296</y>
                <z>0.000000</z>
            </pos>
            <height>1.000000</height>
            <angle>0.000000</angle>
        </object>
        <object>
            <class>Tree</class>
            <pos>
                <x>-49.385151</x>
                <y>-9.324749</y>
                <z>0.000000</z>
            </pos>
            <height>1.000000</height>
            <angle>0.000000</angle>
        </object>
        <object>
            <class>Tree</class>
            <pos>
                <x>-60.757965</x>
                <y>-2.467848</y>
                <z>0.000000</z>
            </pos>
            <height>1.000000</height>
            <angle>0.000000</angle>
        </object>
        <object>
            <class>Tree</class>
            <pos>
                <x>-60.804348</x>
                <y>12.681875</y>
                <z>0.000000</z>
            </pos>
            <height>1.000000</height>
            <angle>0.000000</angle>
        </object>
        <object>
            <class>Tree</class>
            <pos>
                <x>-62.405308</x>
                <y>26.548969</y>
                <z>0.000000</z>
            </pos>
            <height>1.000000</height>
            <angle>0.000000</angle>
        </object>
        <object>
            <class>Tree</class>
            <pos>
                <x>-60.971790</x>
                <y>37.234390</y>
                <z>0.000000</z>
            </pos>
            <height>1.000000</height>
            <angle>0.000000</angle>
        </object>
        <object>
            <class>Tree</class>
            <pos>
                <x>-58.150600</x>
                <y>48.057831</y>
                <z>0.000000</z>
            </pos>
            <height>1.000000</height>
            <angle>0.000000</angle>
        </object>
        <object>
            <class>Tree</class>
            <pos>
                <x>-51.470757</x>
                <y>55.455029</y>
                <z>0.000000</z>
            </pos>
            <height>1.000000</height>
            <angle>0.000000</angle>
        </object>
        <object>
            <class>Tree</class>
            <pos>
                <x>-46.091953</x>
                <y>61.896935</y>
                <z>0.000000</z>
            </pos>
            <height>1.000000</height>
            <angle>0.000000</angle>
        </object>
        <object>
            <class>Tree</class>
            <pos>
                <x>-40.784691</x>
                <y>67.314178</y>
                <z>0.000000</z>
            </pos>
            <height>1.000000</height>
            <angle>0.000000</angle>
        </object>
        <object>
            <class>Tree</class>
            <pos>
                <x>-32.534077</x>
                <y>68.688507</y>
                <z>0.000000</z>
            </pos>
            <height>1.000000</height>
            <angle>0.000000</angle>
        </object>
        <object>
            <class>Tree</class>
            <pos>
                <x>-26.086353</x>
                <y>70.835258</y>
                <z>0.000000</z>
            </pos>
            <height>1.000000</height>
            <angle>0.000000</angle>
        </object>
        <object>
            <class>Tree</class>
            <pos>
                <x>-33.223515</x>
                <y>53.446171</y>
                <z>0.000000</z>
            </pos>
            <height>1.000000</height>
            <angle>0.000000</angle>
        </object>
        <object>
            <class>Tree</class>
            <pos>
                <x>-38.344517</x>
                <y>41.280014</y>
                <z>0.000000</z>
            </pos>
            <height>1.000000</height>
            <angle>0.000000</angle>
        </object>
        <object>
            <class>Tree</class>
            <pos>
                <x>-43.931065</x>
                <y>28.007843</y>
                <z>0.000000</z>
            </pos>
            <height>1.000000</height>
            <angle>0.000000</angle>
        </object>
        <object>
            <class>Tree</class>
            <pos>
                <x>-40.424217</x>
                <y>20.412855</y>
                <z>0.000000</z>
            </pos>
            <height>1.000000</height>
            <angle>0.000000</angle>
        </object>
        <object>
            <class>Tree</class>
            <pos>
                <x>-49.481724</x>
                <y>-0.341593</y>
                <z>0.000000</z>
            </pos>
            <height>1.000000</height>
            <angle>0.000000</angle>
        </object>
        <object>
            <class>Tree</class>
            <pos>
                <x>-52.109413</x>
                <y>-21.463179</y>
                <z>0.000000</z>
            </pos>
            <height>1.000000</height>
            <angle>0.000000</angle>
        </object>
        <object>
            <class>Tree</class>
            <pos>
                <x>-41.804249</x>
                <y>-30.803722</y>
                <z>0.000000</z>
            </pos>
            <height>1.000000</height>
            <angle>0.000000</angle>
        </object>
        <object>
            <class>Tree</class>
            <pos>
                <x>-28.295380</x>
                <y>-39.599682</y>
                <z>0.000000</z>
            </pos>
            <height>1.000000</height>
            <angle>0.000000</angle>
        </object>
        <object>
            <class>Tree</class>
            <pos>
                <x>-6.783886</x>
                <y>-30.953182</y>
                <z>0.000000</z>
            </pos>
            <height>1.000000</height>
            <angle>0.000000</angle>
        </object>
        <object>
            <class>Tree</class>
            <pos>
                <x>1.287130</x>
                <y>-28.625385</y>
                <z>0.000000</z>
            </pos>
            <height>1.000000</height>
            <angle>0.000000</angle>
        </object>
        <object>
            <class>Tree</class>
            <pos>
                <x>7.037049</x>
                <y>-34.742775</y>
                <z>0.000000</z>
            </pos>
            <height>1.000000</height>
            <angle>0.000000</angle>
        </object>
        <object>
            <class>Tree</class>
            <pos>
                <x>11.286784</x>
                <y>-38.389641</y>
                <z>0.000000</z>
            </pos>
            <height>1.000000</height>
            <angle>0.000000</angle>
        </object>
        <object>
            <class>Tree</class>
            <pos>
                <x>74.317581</x>
                <y>-24.676075</y>
                <z>0.000000</z>
            </pos>
            <height>1.000000</height>
            <angle>0.000000</angle>
        </object>
        <object>
            <class>Tree</class>
            <pos>
                <x>81.731949</x>
                <y>-17.430035</y>
                <z>0.000000</z>
            </pos>
            <height>1.000000</height>
            <angle>0.000000</angle>
        </object>
        <object>
            <class>Tree</class>
            <pos>
                <x>82.170471</x>
                <y>-4.669379</y>
                <z>0.000000</z>
            </pos>
            <height>1.000000</height>
            <angle>0.000000</angle>
        </object>
        <object>
            <class>Mushroom</class>
            <pos>
                <x>-4.766174</x>
                <y>-36.695244</y>
                <z>0.000000</z>
            </pos>
            <height>1.000000</height>
            <angle>0.000000</angle>
        </object>
        <object>
            <class>Mushroom</class>
            <pos>
                <x>-3.688730</x>
                <y>-36.137009</y>
                <z>0.000000</z>
            </pos>
            <height>1.000000</height>
            <angle>0.000000</angle>
        </object>
        <object>
            <class>Mushroom</class>
            <pos>
                <x>-2.345150</x>
                <y>-37.889790</y>
                <z>0.000000</z>
            </pos>
            <height>1.000000</height>
            <angle>0.000000</angle>
        </object>
        <object>
            <class>Mushroom</class>
            <pos>
                <x>-3.603985</x>
                <y>-39.443954</y>
                <z>0.000000</z>
            </pos>
            <height>1.000000</height>
            <angle>0.000000</angle>
        </object>
        <object>
            <class>Mushroom</class>
            <pos>
                <x>-6.206913</x>
                <y>-37.582565</y>
                <z>0.000000</z>
            </pos>
            <height>1.000000</height>
            <angle>0.000000</angle>
        </object>
        <object>
            <class>Mushroom</class>
            <pos>
                <x>-9.460574</x>
                <y>-35.255829</y>
                <z>0.000000</z>
            </pos>
            <height>1.000000</height>
            <angle>0.000000</angle>
        </object>
        <object>
            <class>Fungus</class>
            <pos>
                <x>-4.984726</x>
                <y>-39.593014</y>
                <z>0.000000</z>
            </pos>
            <height>1.000000</height>
            <angle>0.000000</angle>
        </object>
        <object>
            <class>Fungus</class>
            <pos>
                <x>-2.621937</x>
                <y>-40.478077</y>
                <z>0.000000</z>
            </pos>
            <height>1.000000</height>
            <angle>0.000000</angle>
        </object>
        <object>
            <class>Mushroom</class>
            <pos>
                <x>3.136598</x>
                <y>-5.311929</y>
                <z>0.000000</z>
            </pos>
            <height>1.000000</height>
            <angle>0.000000</angle>
        </object>
        <object>
            <class>Mushroom</class>
            <pos>
                <x>6.646101</x>
                <y>-2.037269</y>
                <z>0.000000</z>
            </pos>
            <height>1.000000</height>
            <angle>0.000000</angle>
        </object>
        <object>
            <class>Mushroom</class>
            <pos>
                <x>6.173034</x>
                <y>1.620097</y>
                <z>0.000000</z>
            </pos>
            <height>1.000000</height>
            <angle>0.000000</angle>
        </object>
        <object>
            <class>Plant</class>
            <pos>
                <x>28.094910</x>
                <y>-1.371191</y>
                <z>0.000000</z>
            </pos>
            <height>1.000000</height>
            <angle>0.000000</angle>
        </object>
        <object>
            <class>Plant</class>
            <pos>
                <x>29.864346</x>
                <y>-1.075627</y>
                <z>0.000000</z>
            </pos>
            <height>1.000000</height>
            <angle>0.000000</angle>
        </object>
        <object>
            <class>Plant</class>
            <pos>
                <x>28.629902</x>
                <y>-2.832563</y>
                <z>0.000000</z>
            </pos>
            <height>1.000000</height>
            <angle>0.000000</angle>
        </object>
        <object>
            <class>Plant</class>
            <pos>
                <x>30.046932</x>
                <y>-0.895551</y>
                <z>0.000000</z>
            </pos>
            <height>1.000000</height>
            <angle>0.000000</angle>
        </object>
        <object>
            <class>Plant</class>
            <pos>
                <x>28.432734</x>
                <y>0.285324</y>
                <z>0.000000</z>
            </pos>
            <height>1.000000</height>
            <angle>0.000000</angle>
        </object>
        <object>
            <class>Plant</class>
            <pos>
                <x>27.488047</x>
                <y>-1.006017</y>
                <z>0.000000</z>
            </pos>
            <height>1.000000</height>
            <angle>0.000000</angle>
        </object>
        <object>
            <class>Plant</class>
            <pos>
                <x>26.307188</x>
                <y>-2.620193</y>
                <z>0.000000</z>
            </pos>
            <height>1.000000</height>
            <angle>0.000000</angle>
        </object>
        <object>
            <class>Plant</class>
            <pos>
                <x>25.015829</x>
                <y>-1.675493</y>
                <z>0.000000</z>
            </pos>
            <height>1.000000</height>
            <angle>0.000000</angle>
        </object>
        <object>
            <class>Plant</class>
            <pos>
                <x>25.015829</x>
                <y>-1.675493</y>
                <z>0.000000</z>
            </pos>
            <height>1.000000</height>
            <angle>0.000000</angle>
        </object>
        <object>
            <class>Plant</class>
            <pos>
                <x>26.196688</x>
                <y>-0.061317</y>
                <z>0.000000</z>
            </pos>
            <height>1.000000</height>
            <angle>0.000000</angle>
        </object>
        <object>
            <class>Plant</class>
            <pos>
                <x>26.220520</x>
                <y>-2.061183</y>
                <z>0.000000</z>
            </pos>
            <height>1.000000</height>
            <angle>0.000000</angle>
        </object>
        <object>
            <class>Plant</class>
            <pos>
                <x>31.014198</x>
                <y>-2.927971</y>
                <z>0.000000</z>
            </pos>
            <height>1.000000</height>
            <angle>0.000000</angle>
        </object>
        <object>
            <class>Plant</class>
            <pos>
                <x>29.664433</x>
                <y>-4.403856</y>
                <z>0.000000</z>
            </pos>
            <height>1.000000</height>
            <angle>0.000000</angle>
        </object>
        <object>
            <class>Plant</class>
            <pos>
                <x>27.893402</x>
                <y>-2.784154</y>
                <z>0.000000</z>
            </pos>
            <height>1.000000</height>
            <angle>0.000000</angle>
        </object>
        <object>
            <class>Plant</class>
            <pos>
                <x>26.712715</x>
                <y>-1.704352</y>
                <z>0.000000</z>
            </pos>
            <height>1.000000</height>
            <angle>0.000000</angle>
        </object>
        <object>
            <class>Plant</class>
            <pos>
                <x>25.236856</x>
                <y>-0.354600</y>
                <z>0.000000</z>
            </pos>
            <height>1.000000</height>
            <angle>0.000000</angle>
        </object>
        <object>
            <class>Wirselkraut</class>
            <pos>
                <x>27.261578</x>
                <y>-4.462617</y>
                <z>0.000000</z>
            </pos>
            <height>1.000000</height>
            <angle>0.000000</angle>
        </object>
        <object>
            <class>Wirselkraut</class>
            <pos>
                <x>26.324875</x>
                <y>-5.097132</y>
                <z>0.000000</z>
            </pos>
            <height>1.000000</height>
            <angle>0.000000</angle>
        </object>
        <object>
            <class>Wirselkraut</class>
            <pos>
                <x>24.360840</x>
                <y>-4.719410</y>
                <z>0.000000</z>
            </pos>
            <height>1.000000</height>
            <angle>0.000000</angle>
        </object>
        <object>
            <class>Tree</class>
            <pos>
                <x>-0.117185</x>
                <y>-12.917414</y>
                <z>0.000000</z>
            </pos>
            <height>1.000000</height>
            <angle>0.000000</angle>
        </object>
        <object>
            <class>Tree</class>
            <pos>
                <x>4.597156</x>
                <y>-12.014647</y>
                <z>0.000000</z>
            </pos>
            <height>1.000000</height>
            <angle>0.000000</angle>
        </object>
        <object>
            <class>Tree</class>
            <pos>
                <x>39.645523</x>
                <y>-33.520237</y>
                <z>0.000000</z>
            </pos>
            <height>1.000000</height>
            <angle>0.000000</angle>
        </object>
        <object>
            <class>Tree</class>
            <pos>
                <x>74.428528</x>
                <y>35.552948</y>
                <z>0.000000</z>
            </pos>
            <height>1.000000</height>
            <angle>0.000000</angle>
        </object>
        <object>
            <class>Tree</class>
            <pos>
                <x>74.329727</x>
                <y>48.849239</y>
                <z>0.000000</z>
            </pos>
            <height>1.000000</height>
            <angle>0.000000</angle>
        </object>
        <object>
            <class>Wirselkraut</class>
            <pos>
                <x>70.238098</x>
                <y>55.352997</y>
                <z>0.000000</z>
            </pos>
            <height>1.000000</height>
            <angle>0.000000</angle>
        </object>
        <object>
            <class>Wirselkraut</class>
            <pos>
                <x>65.234406</x>
                <y>67.999062</y>
                <z>0.000000</z>
            </pos>
            <height>1.000000</height>
            <angle>0.000000</angle>
        </object>
        <object>
            <class>Wirselkraut</class>
            <pos>
                <x>72.713882</x>
                <y>73.589989</y>
                <z>0.000000</z>
            </pos>
            <height>1.000000</height>
            <angle>0.000000</angle>
        </object>
        <object>
            <class>Wirselkraut</class>
            <pos>
                <x>72.094955</x>
                <y>60.877323</y>
                <z>0.000000</z>
            </pos>
            <height>1.000000</height>
            <angle>0.000000</angle>
        </object>
        <object>
            <class>Wirselkraut</class>
            <pos>
                <x>62.935619</x>
                <y>61.740665</y>
                <z>0.000000</z>
            </pos>
            <height>1.000000</height>
            <angle>0.000000</angle>
        </object>
        <object>
            <class>Wirselkraut</class>
            <pos>
                <x>36.854439</x>
                <y>70.627457</y>
                <z>0.000000</z>
            </pos>
            <height>1.000000</height>
            <angle>0.000000</angle>
        </object>
        <object>
            <class>Wirselkraut</class>
            <pos>
                <x>29.700882</x>
                <y>75.721283</y>
                <z>0.000000</z>
            </pos>
            <height>1.000000</height>
            <angle>0.000000</angle>
        </object>
        <object>
            <class>Wirselkraut</class>
            <pos>
                <x>31.729597</x>
                <y>75.931839</y>
                <z>0.000000</z>
            </pos>
            <height>1.000000</height>
            <angle>0.000000</angle>
        </object>
        <object>
            <class>Wirselkraut</class>
            <pos>
                <x>31.616982</x>
                <y>74.737122</y>
                <z>0.000000</z>
            </pos>
            <height>1.000000</height>
            <angle>0.000000</angle>
        </object>
        <object>
            <class>Wirselkraut</class>
            <pos>
                <x>28.431099</x>
                <y>75.037415</y>
                <z>0.000000</z>
            </pos>
            <height>1.000000</height>
            <angle>0.000000</angle>
        </object>
        <object>
            <class>Wirselkraut</class>
            <pos>
                <x>28.205868</x>
                <y>72.647980</y>
                <z>0.000000</z>
            </pos>
            <height>1.000000</height>
            <angle>0.000000</angle>
        </object>
        <object>
            <class>Wirselkraut</class>
            <pos>
                <x>30.595280</x>
                <y>72.422760</y>
                <z>0.000000</z>
            </pos>
            <height>1.000000</height>
            <angle>0.000000</angle>
        </object>
        <object>
            <class>Wirselkraut</class>
            <pos>
                <x>30.347187</x>
                <y>74.053253</y>
                <z>0.000000</z>
            </pos>
            <height>1.000000</height>
            <angle>0.000000</angle>
        </object>
        <object>
            <class>Wirselkraut</class>
            <pos>
                <x>26.364834</x>
                <y>74.428619</y>
                <z>0.000000</z>
            </pos>
            <height>1.000000</height>
            <angle>0.000000</angle>
        </object>
        <object>
            <class>Wirselkraut</class>
            <pos>
                <x>24.771893</x>
                <y>74.578766</y>
                <z>0.000000</z>
            </pos>
            <height>1.000000</height>
            <angle>0.000000</angle>
        </object>
        <object>
            <class>Wirselkraut</class>
            <pos>
                <x>24.200653</x>
                <y>77.043274</y>
                <z>0.000000</z>
            </pos>
            <height>1.000000</height>
            <angle>0.000000</angle>
        </object>
        <object>
            <class>Wirselkraut</class>
            <pos>
                <x>25.793594</x>
                <y>76.893127</y>
                <z>0.000000</z>
            </pos>
            <height>1.000000</height>
            <angle>0.000000</angle>
        </object>
        <object>
            <class>Mushroom</class>
            <pos>
                <x>30.102798</x>
                <y>52.641262</y>
                <z>0.000000</z>
            </pos>
            <height>1.000000</height>
            <angle>0.000000</angle>
        </object>
        <object>
            <class>Wirselkraut</class>
            <pos>
                <x>22.731470</x>
                <y>60.038841</y>
                <z>0.000000</z>
            </pos>
            <height>1.000000</height>
            <angle>0.000000</angle>
        </object>
        <object>
            <class>Wirselkraut</class>
            <pos>
                <x>16.430353</x>
                <y>58.918114</y>
                <z>0.000000</z>
            </pos>
            <height>1.000000</height>
            <angle>0.000000</angle>
        </object>
        <object>
            <class>Wirselkraut</class>
            <pos>
                <x>9.752556</x>
                <y>62.199512</y>
                <z>0.000000</z>
            </pos>
            <height>1.000000</height>
            <angle>0.000000</angle>
        </object>
        <object>
            <class>Wirselkraut</class>
            <pos>
                <x>4.221950</x>
                <y>56.746704</y>
                <z>0.000000</z>
            </pos>
            <height>1.000000</height>
            <angle>0.000000</angle>
        </object>
        <object>
            <class>Wirselkraut</class>
            <pos>
                <x>-3.427168</x>
                <y>58.636490</y>
                <z>0.000000</z>
            </pos>
            <height>1.000000</height>
            <angle>0.000000</angle>
        </object>
        <object>
            <class>Wirselkraut</class>
            <pos>
                <x>-11.180605</x>
                <y>51.975758</y>
                <z>0.000000</z>
            </pos>
            <height>1.000000</height>
            <angle>0.000000</angle>
        </object>
        <object>
            <class>Wirselkraut</class>
            <pos>
                <x>-17.324492</x>
                <y>54.539551</y>
                <z>0.000000</z>
            </pos>
            <height>1.000000</height>
            <angle>0.000000</angle>
        </object>
        <object>
            <class>Wirselkraut</class>
            <pos>
                <x>-22.444149</x>
                <y>53.628960</y>
                <z>0.000000</z>
            </pos>
            <height>1.000000</height>
            <angle>0.000000</angle>
        </object>
        <object>
            <class>Wirselkraut</class>
            <pos>
                <x>-21.437059</x>
                <y>45.682404</y>
                <z>0.000000</z>
            </pos>
            <height>1.000000</height>
            <angle>0.000000</angle>
        </object>
        <object>
            <class>Mushroom</class>
            <pos>
                <x>46.335201</x>
                <y>22.403635</y>
                <z>0.000000</z>
            </pos>
            <height>1.000000</height>
            <angle>0.000000</angle>
        </object>
        <object>
            <class>Mushroom</class>
            <pos>
                <x>46.315380</x>
                <y>20.803728</y>
                <z>0.000000</z>
            </pos>
            <height>1.000000</height>
            <angle>0.000000</angle>
        </object>
        <object>
            <class>Mushroom</class>
            <pos>
                <x>44.715496</x>
                <y>20.823549</y>
                <z>0.000000</z>
            </pos>
            <height>1.000000</height>
            <angle>0.000000</angle>
        </object>
        <object>
            <class>Tree</class>
            <pos>
                <x>43.930420</x>
                <y>22.033390</y>
                <z>0.000000</z>
            </pos>
            <height>1.000000</height>
            <angle>0.000000</angle>
        </object>
        <object>
            <class>Tree</class>
            <pos>
                <x>-5.008117</x>
                <y>-38.429039</y>
                <z>0.000000</z>
            </pos>
            <height>1.000000</height>
            <angle>0.000000</angle>
        </object>
        <object>
            <class>Fungus</class>
            <pos>
                <x>-2.195505</x>
                <y>-39.117622</y>
                <z>0.000000</z>
            </pos>
            <height>1.000000</height>
            <angle>0.000000</angle>
        </object>
        <object>
            <class>Plant</class>
            <pos>
                <x>77.267670</x>
                <y>-18.348682</y>
                <z>0.000000</z>
            </pos>
            <height>1.000000</height>
            <angle>0.000000</angle>
        </object>
        <object>
            <class>Plant</class>
            <pos>
                <x>75.767715</x>
                <y>-18.989149</y>
                <z>0.000000</z>
            </pos>
            <height>1.000000</height>
            <angle>0.000000</angle>
        </object>
        <object>
            <class>Plant</class>
            <pos>
                <x>73.809944</x>
                <y>-18.580246</y>
                <z>0.000000</z>
            </pos>
            <height>1.000000</height>
            <angle>0.000000</angle>
        </object>
        <object>
            <class>Plant</class>
            <pos>
                <x>75.598198</x>
                <y>-18.626835</y>
                <z>0.000000</z>
            </pos>
            <height>1.000000</height>
            <angle>0.000000</angle>
        </object>
        <object>
            <class>Plant</class>
            <pos>
                <x>75.598198</x>
                <y>-18.626835</y>
                <z>0.000000</z>
            </pos>
            <height>1.000000</height>
            <angle>0.000000</angle>
        </object>
        <object>
            <class>Plant</class>
            <pos>
                <x>77.409721</x>
                <y>-17.779285</y>
                <z>0.000000</z>
            </pos>
            <height>1.000000</height>
            <angle>0.000000</angle>
        </object>
        <object>
            <class>Plant</class>
            <pos>
                <x>76.369347</x>
                <y>-16.499538</y>
                <z>0.000000</z>
            </pos>
            <height>1.000000</height>
            <angle>0.000000</angle>
        </object>
        <object>
            <class>Plant</class>
            <pos>
                <x>74.195518</x>
                <y>-17.516598</y>
                <z>0.000000</z>
            </pos>
            <height>1.000000</height>
            <angle>0.000000</angle>
        </object>
        <object>
            <class>Wirselkraut</class>
            <pos>
                <x>73.509995</x>
                <y>-19.933640</y>
                <z>0.000000</z>
            </pos>
            <height>1.000000</height>
            <angle>0.000000</angle>
        </object>
        <object>
            <class>Wirselkraut</class>
            <pos>
                <x>74.814407</x>
                <y>-19.007095</y>
                <z>0.000000</z>
            </pos>
            <height>1.000000</height>
            <angle>0.000000</angle>
        </object>
        <object>
            <class>Tree</class>
            <pos>
                <x>49.425194</x>
                <y>-6.861856</y>
                <z>0.000000</z>
            </pos>
            <height>1.000000</height>
            <angle>0.000000</angle>
        </object>
        <object>
            <class>Tree</class>
            <pos>
                <x>47.341812</x>
                <y>-10.569479</y>
                <z>0.000000</z>
            </pos>
            <height>1.000000</height>
            <angle>0.000000</angle>
        </object>
    </objects>
</world>
