<world>
    <description>The default island if the server does not specify one.</description>
    <defaultvisualization>standard.xml</defaultvisualization>
    <terrainmap>
        <heightmap>square_128.jpg</heightmap>
        <materialmap>square_material_128.gif</materialmap>
        <offset>
            <x>-18.000000</x>
            <y>-2.000000</y>
            <z>-78.000000</z>
        </offset>
        <scaling>
            <x>0.750000</x>
            <y>0.040000</y>
            <z>0.750000</z>
        </scaling>
        <observerstartpos>
            <x>-11.000000</x>
            <y>13.500000</y>
            <z>1.200000</z>
        </observerstartpos>
        <observerlookat>
            <x>14.000000</x>
            <y>3.050000</y>
            <z>-18.000000</z>
        </observerlookat>
        <wraparound>false</wraparound>
    </terrainmap>
    <objects>
        <object>
            <class>PineTree</class>
            <pos>
                <x>23.078526</x>
                <y>14.668978</y>
                <z>0.000000</z>
            </pos>
            <height>1.000000</height>
            <angle>0.410000</angle>
            <variation>0</variation>
        </object>
        <object>
            <class>Fungus</class>
            <pos>
                <x>12.345739</x>
                <y>41.150612</y>
                <z>0.000000</z>
            </pos>
            <height>1.000000</height>
            <angle>184.669998</angle>
            <variation>0</variation>
        </object>
        <object>
            <class>PineTree</class>
            <pos>
                <x>17.125113</x>
                <y>32.951321</y>
                <z>0.000000</z>
            </pos>
            <height>1.000000</height>
            <angle>0.410000</angle>
            <variation>2</variation>
        </object>
        <object>
            <class>PineTree</class>
            <pos>
                <x>28.635689</x>
                <y>31.655468</y>
                <z>0.000000</z>
            </pos>
            <height>1.000000</height>
            <angle>184.669998</angle>
            <variation>3</variation>
        </object>
        <object>
            <class>PineTree</class>
            <pos>
                <x>24.981844</x>
                <y>24.220778</y>
                <z>0.000000</z>
            </pos>
            <height>1.000000</height>
            <angle>63.340000</angle>
            <variation>4</variation>
        </object>
        <object>
            <class>PineTree</class>
            <pos>
                <x>18.845442</x>
                <y>24.784176</y>
                <z>0.000000</z>
            </pos>
            <height>1.000000</height>
            <angle>265.000000</angle>
            <variation>0</variation>
        </object>
        <object>
            <class>PineTree</class>
            <pos>
                <x>15.083942</x>
                <y>28.235008</y>
                <z>0.000000</z>
            </pos>
            <height>1.000000</height>
            <angle>191.690002</angle>
            <variation>1</variation>
        </object>
        <object>
            <class>PineTree</class>
            <pos>
                <x>11.317680</x>
                <y>33.441154</y>
                <z>0.000000</z>
            </pos>
            <height>1.000000</height>
            <angle>157.239990</angle>
            <variation>2</variation>
        </object>
        <object>
            <class>PineTree</class>
            <pos>
                <x>9.249994</x>
                <y>27.432789</y>
                <z>0.000000</z>
            </pos>
            <height>1.000000</height>
            <angle>114.779999</angle>
            <variation>3</variation>
        </object>
        <object>
            <class>Flower</class>
            <pos>
                <x>44.215237</x>
                <y>33.916637</y>
                <z>0.000000</z>
            </pos>
            <height>1.000000</height>
            <angle>293.579987</angle>
            <variation>0</variation>
        </object>
        <object>
            <class>Flower</class>
            <pos>
                <x>40.874443</x>
                <y>34.277298</y>
                <z>0.000000</z>
            </pos>
            <height>1.000000</height>
            <angle>269.619995</angle>
            <variation>0</variation>
        </object>
        <object>
            <class>Flower</class>
            <pos>
                <x>36.091282</x>
                <y>31.741158</y>
                <z>0.000000</z>
            </pos>
            <height>1.000000</height>
            <angle>244.639999</angle>
            <variation>0</variation>
        </object>
        <object>
            <class>Flower</class>
            <pos>
                <x>40.140171</x>
                <y>43.421848</y>
                <z>0.000000</z>
            </pos>
            <height>1.000000</height>
            <angle>57.049999</angle>
            <variation>0</variation>
        </object>
        <object>
            <class>Flower</class>
            <pos>
                <x>33.828152</x>
                <y>40.663960</y>
                <z>0.000000</z>
            </pos>
            <height>1.000000</height>
            <angle>281.449982</angle>
            <variation>0</variation>
        </object>
        <object>
            <class>Flower</class>
            <pos>
                <x>30.716957</x>
                <y>37.392403</y>
                <z>0.000000</z>
            </pos>
            <height>1.000000</height>
            <angle>232.809998</angle>
            <variation>0</variation>
        </object>
        <object>
            <class>TreeStump</class>
            <pos>
                <x>30.832148</x>
                <y>43.007572</y>
                <z>0.000000</z>
            </pos>
            <height>1.000000</height>
            <angle>168.269989</angle>
            <variation>0</variation>
        </object>
        <object>
            <class>Boulder</class>
            <pos>
                <x>7.545722</x>
                <y>21.462646</y>
                <z>0.000000</z>
            </pos>
            <height>1.000000</height>
            <angle>99.610001</angle>
            <variation>0</variation>
        </object>
    </objects>
</world>
