﻿<?xml version="1.0" encoding="UTF-8"?>
<!-- microPSI 3Dview2 visualization file -->
<visualization>
	<description>Doerner-style middle-european world. This is the default visualization.</description>
	<terrain>
		<mapdefaults>
			<heightmap>island_doerner_256.jpg</heightmap>
			<materialmap>island_doerner_material_256.gif</materialmap>
			<scaling>
				<x>3.0</x>
				<y>0.3</y>
				<z>3.0</z>
			</scaling>
			<offset>
				<x>-128.0</x>
				<y>-2.0</y>
				<z>-128.0</z>
			</offset>
		</mapdefaults>
		<texturetilesize>4.0f</texturetilesize>
		<materials>
			<material>
				<name>grass (0)</name>
				<texture>terrain_grass.tga</texture>
			</material>
			<material>
				<name>sand (1)</name>
				<texture>terrain_sand.tga</texture>
			</material>
			<material>
				<name>rock (2)</name>
				<texture>terrain_rock.tga</texture>
			</material>
			<material>
				<name>dense grass (3)</name>
				<texture>terrain_forestfloor.jpg</texture>
			</material>
			<material>
				<name>sand2 (4)</name>
				<texture>terrain_darkgrass.tga</texture>
			</material>
			<material>
				<name>dirt (5)</name>
				<texture>terrain_greydirt.tga</texture>
			</material>
			<material>
				<name>red granite (6)</name>
				<texture>terrain_plainrock.tga</texture>
			</material>
			<material>
				<name>grey granite (7)</name>
				<texture>terrain_granitegrey.tga</texture>
			</material>
			<material>
				<name>grey granite (8)</name>
				<texture>terrain_dirt.tga</texture>
			</material>
			<material>
				<name>grey granite (9)</name>
				<texture>terrain_soil.jpg</texture>
			</material>
			<material>
				<name>grey granite (10)</name>
				<texture>terrain_darkrock.tga</texture>
			</material>
			<material>
				<name>grey granite (11)</name>
				<texture>terrain_pebbles-sicher.tga</texture>
			</material>
			<material>
				<name>grey granite (12)</name>
				<texture>terrain_forestfloor2.jpg</texture>
			</material>
		</materials>
	</terrain>
	<skybox>skybox.x</skybox>
	<objects>
		<object>
			<classname>PineTree</classname>
			<variation>
				<lodlevel>
					<model>element_nadelbaum_a.x</model>
					<maxdistance>150.0</maxdistance>
				</lodlevel>
				<lodlevel>
					<model>element_nadelbaum_a_bill.x</model>
				</lodlevel>
			</variation>
			<variation>
				<lodlevel>
					<model>element_nadelbaum_b.x</model>
					<maxdistance>150.0</maxdistance>
				</lodlevel>
				<lodlevel>
					<model>element_nadelbaum_b_bill.x</model>
				</lodlevel>
			</variation>
			<variation>
				<lodlevel>
					<model>element_nadelbaum_c.x</model>
					<maxdistance>150.0</maxdistance>
				</lodlevel>
				<lodlevel>
					<model>element_nadelbaum_c_bill.x</model>
				</lodlevel>
			</variation>
			<variation>
				<lodlevel>
					<model>element_nadelbaum_d.x</model>
					<maxdistance>150.0</maxdistance>
				</lodlevel>
				<lodlevel>
					<model>element_nadelbaum_d_bill.x</model>
				</lodlevel>
			</variation>
			<variation>
				<lodlevel>
					<model>element_nadelbaum_e.x</model>
					<maxdistance>150.0</maxdistance>
				</lodlevel>
				<lodlevel>
					<model>element_nadelbaum_e_bill.x</model>
				</lodlevel>
			</variation>
		</object>
		<object>
			<classname>PalmTree</classname>
			<variation>
				<lodlevel>
					<model>bananatree.x</model>
				</lodlevel>
			</variation>
		</object>
		<object>
			<classname>GreenTree</classname>
			<variation>
				<lodlevel>
					<model>element_laubbaum_c.x</model>
				</lodlevel>
			</variation>
		</object>
		<object>
			<classname>SteamVehicleAgent</classname>
			<variation>
				<lodlevel>
					<model>psi2.x</model>
				</lodlevel>
				<groundcontactpoint>
					<x>0</x>
					<y>0</y>
					<z>0.75</z>
				</groundcontactpoint>
				<groundcontactpoint>
					<x>0</x>
					<y>0</y>
					<z>-0.40</z>
				</groundcontactpoint>
				<groundcontactpoint>
					<x>-0.75</x>
					<y>0</y>
					<z>0</z>
				</groundcontactpoint>
				<interpolatemovement>true</interpolatemovement>
			</variation>
		</object>
		<object>
			<classname>BraitenbergVehicleAgent</classname>
			<variation>
				<lodlevel>
					<model>braitenbergvehicle.x</model>
				</lodlevel>
				<groundcontactpoint>
					<x>0</x>
					<y>0</y>
					<z>0.58</z>
				</groundcontactpoint>
				<groundcontactpoint>
					<x>0</x>
					<y>0</y>
					<z>-0.58</z>
				</groundcontactpoint>
				<groundcontactpoint>
					<x>-0.65</x>
					<y>0</y>
					<z>0</z>
				</groundcontactpoint>
				<interpolatemovement>true</interpolatemovement>
			</variation>
		</object>
		<object>
			<classname>Grass</classname>
			<variation>
				<lodlevel>
					<model>element_grass.x</model>
					<maxdistance>8.0</maxdistance>
				</lodlevel>
				<lodlevel>
					<model>element_grass_bill.x</model>
					<maxdistance>180.0</maxdistance>
				</lodlevel>
			</variation>
		</object>
		<object>
			<classname>FlyAgaric</classname>
			<variation>
				<lodlevel>
					<model>element_fliegenpilz_a.x</model>
					<maxdistance>100.0</maxdistance>
				</lodlevel>
			</variation>
			<variation>
				<lodlevel>
					<model>element_fliegenpilz_b.x</model>
					<maxdistance>100.0</maxdistance>
				</lodlevel>
			</variation>
			<variation>
				<lodlevel>
					<model>element_fliegenpilz_c.x</model>
					<maxdistance>100.0</maxdistance>
				</lodlevel>
			</variation>
		</object>
		<object>
			<classname>Mushroom</classname>
			<variation>
				<lodlevel>
					<model>mushroom.x</model>
					<maxdistance>100.0</maxdistance>
				</lodlevel>
			</variation>
		</object>
		<object>
			<classname>RedMushroom</classname>
			<variation>
				<lodlevel>
					<model>mushroom.x</model>
					<maxdistance>100.0</maxdistance>
				</lodlevel>
			</variation>
		</object>
		<object>
			<classname>Fungus</classname>
			<variation>
				<lodlevel>
					<model>fungus.x</model>
					<maxdistance>100.0</maxdistance>
				</lodlevel>
			</variation>
		</object>
		<object>
			<classname>Boletus</classname>
			<variation>
				<lodlevel>
					<model>element_schwammerl_a.x</model>
					<maxdistance>100.0</maxdistance>
				</lodlevel>
			</variation>
			<variation>
				<lodlevel>
					<model>element_schwammerl_b.x</model>
					<maxdistance>100.0</maxdistance>
				</lodlevel>
			</variation>
			<variation>
				<lodlevel>
					<model>element_schwammerl_c.x</model>
					<maxdistance>100.0</maxdistance>
				</lodlevel>
			</variation>
		</object>
		<object>
			<classname>Nettle</classname>
			<variation>
				<lodlevel>
					<model>element_brennnessel_b.x</model>
					<maxdistance>100.0</maxdistance>
				</lodlevel>
			</variation>
			<variation>
				<lodlevel>
					<model>element_brennnessel_c.x</model>
					<maxdistance>100.0</maxdistance>
				</lodlevel>
			</variation>
		</object>
		<object>
			<classname>Peppermint</classname>
			<variation>
				<lodlevel>
					<model>element_brennnessel_a.x</model>
					<maxdistance>100.0</maxdistance>
				</lodlevel>
			</variation>
		</object>
		<object>
			<classname>SunFlower</classname>
			<variation>
				<lodlevel>
					<model>element_sonnenblume.x</model>
					<maxdistance>160.0</maxdistance>
				</lodlevel>
			</variation>
		</object>
		<object>
			<classname>Flower</classname>
			<variation>
				<lodlevel>
					<model>tigerlily.x</model>
					<maxdistance>100.0</maxdistance>
				</lodlevel>
			</variation>
		</object>
		<object>
			<classname>WoodBlock</classname>
			<variation>
				<lodlevel>
					<model>element_hauklotz.x</model>
					<maxdistance>250.0</maxdistance>
				</lodlevel>
			</variation>
		</object>
		<object>
			<classname>TreeStump</classname>
			<variation>
				<lodlevel>
					<model>element_baumstumpf.x</model>
					<maxdistance>200.0</maxdistance>
				</lodlevel>
			</variation>
		</object>
		<object>
			<classname>Boulder</classname>
			<variation>
				<lodlevel>
					<model>element_stein.x</model>
					<maxdistance>200.0</maxdistance>
				</lodlevel>
			</variation>
		</object>
		<object>
			<classname>Rock</classname>
			<variation>
				<lodlevel>
					<model>element_stein.x</model>
					<maxdistance>100.0</maxdistance>
				</lodlevel>
			</variation>
		</object>
		<object>
			<classname>ThornBush</classname>
			<variation>
				<lodlevel>
					<model>element_busch_a.x</model>
				</lodlevel>
			</variation>
		</object>
		<object>
			<classname>ShockPodBush</classname>
			<variation>
				<lodlevel>
					<model>element_busch_b.x</model>
				</lodlevel>
			</variation>
		</object>
		<object>
			<classname>Tree</classname>
			<variation>
				<lodlevel>
					<model>kokospalme_1_high.x</model>
					<maxdistance>50.0</maxdistance>
				</lodlevel>
				<lodlevel>
					<model>kokospalme_1_med.x</model>
				</lodlevel>
			</variation>
			<variation>
				<lodlevel>
					<model>kokospalme_2_high.x</model>
					<maxdistance>50.0</maxdistance>
				</lodlevel>
				<lodlevel>
					<model>kokospalme_2_med.x</model>
				</lodlevel>
			</variation>
		</object>		
		<object>
			<classname>Puddle</classname>
			<variation>
				<lodlevel>
					<model>element_lache_a.x</model>
				</lodlevel>
			</variation>
		</object>
		<object>
			<classname>WaterHole</classname>
			<variation>
				<lodlevel>
					<model>element_lache_a.x</model>
				</lodlevel>
			</variation>
		</object>
		<object>
			<classname>WaterHoleEmpty</classname>
			<variation>
				<lodlevel>
					<model>element_lache_b.x</model>
				</lodlevel>
			</variation>
		</object>
		<object>
			<classname>Banana</classname>
			<variation>
				<lodlevel>
					<model>unknownobject.x</model>
					<maxdistance>50.0</maxdistance>
				</lodlevel>
			</variation>
		</object>
		<object>
			<classname>Lamp</classname>
			<variation>
				<lodlevel>
					<model>unknownobject.x</model>
				</lodlevel>
			</variation>
		</object>
		<object>
			<classname>Hazel</classname>
			<variation>
				<lodlevel>
					<model>element_hasel.x</model>
					<maxdistance>30.0</maxdistance>
				</lodlevel>
				<lodlevel>
					<model>element_hasel_bill.x</model>
				</lodlevel>
			</variation>
		</object>
	</objects>
</visualization>
